Top queries,Clicks,Impressions,CTR,Position
csv to pdf,1,3,33.33%,39.67
pdf to csv converter,0,27,0%,94.04
pdf to csv,0,12,0%,83.42
excel to csv,0,5,0%,72.6
video a gif online,0,4,0%,46.5
image convert to high quality,0,2,0%,9
ottimizza immagini,0,2,0%,64
video en gif,0,2,0%,64.5
csv to pdf converter free,0,2,0%,66.5
csv a excel,0,2,0%,68.5
image converter no watermark,0,2,0%,75.5
converti immagini,0,2,0%,89
online gif from video,0,1,0%,11
online photo converter,0,1,0%,21
enlever filigrame,0,1,0%,38
online image converter,0,1,0%,43
marca de agua online gratis,0,1,0%,48
vídeo a gif,0,1,0%,48
video a gift,0,1,0%,51
csv to pdf free,0,1,0%,53
svg png online,0,1,0%,53
da csv a excel,0,1,0%,54
converter img,0,1,0%,56
image format converter,0,1,0%,58
foto converter,0,1,0%,59
ottimizzazione immagini,0,1,0%,60
how to compress a pdf,0,1,0%,62
cambio formato foto,0,1,0%,64
compressing the pdf,0,1,0%,64
reducir tamaño de videos online,0,1,0%,66
remover fundo,0,1,0%,66
convertitore formato immagini,0,1,0%,67
borrador de fondo online,0,1,0%,68
marca de agua en linea,0,1,0%,68
trasformare foto,0,1,0%,68
vectorizar imagen online gratis png,0,1,0%,69
convertir excel a csv,0,1,0%,70
convertire xls in pdf,0,1,0%,70
reducir video online,0,1,0%,70
xls a csv,0,1,0%,70
arquivo csv para excel,0,1,0%,71
image converter free no watermark,0,1,0%,71
convert xls to csv,0,1,0%,72
convertire formato foto,0,1,0%,73
svg to image,0,1,0%,73
comprimi immagine online,0,1,0%,74
converter csv excel,0,1,0%,74
csv pdf,0,1,0%,74
comprimi immagini,0,1,0%,75
convertitore di immagini gratis,0,1,0%,75
convertire excel in pdf online,0,1,0%,77
cambiare formato foto online,0,1,0%,79
converti excel pdf,0,1,0%,79
compressione immagini online,0,1,0%,80
comprimere foto online gratis,0,1,0%,80
convertitore video in gif,0,1,0%,80
csv file pdf,0,1,0%,80
img online converter,0,1,0%,80
ridurre dimensioni immagine online,0,1,0%,80
riduzione qualità foto,0,1,0%,80
csv to excel,0,1,0%,81
pdf da excel,0,1,0%,81
excel pdf converter,0,1,0%,82
fondo transparente online gratis,0,1,0%,82
converti da excel a pdf,0,1,0%,83
convertire immagini,0,1,0%,83
eliminar fondo png,0,1,0%,83
foto sin fondo,0,1,0%,83
rendere leggibile un testo sfocato online,0,1,0%,83
free convert csv to pdf,0,1,0%,84
converti da excel in pdf,0,1,0%,85
convertir csv a xls,0,1,0%,85
pdf to word online,0,1,0%,85
png quitar fondo,0,1,0%,85
ridurre dimensione immagine online,0,1,0%,86
image convertor free,0,1,0%,87
trasforma in gif,0,1,0%,87
comprimir video online,0,1,0%,88
convert csv file to pdf,0,1,0%,88
marca de agua para proteger documentos,0,1,0%,89
quitar fondo a png,0,1,0%,89
trasformare immagine in testo word gratis,0,1,0%,89
excel csv converter,0,1,0%,90
fare gif da video,0,1,0%,90
togli sfondo immagini,0,1,0%,91
reducir tamaño vídeo online gratis,0,1,0%,92
convertisseur image,0,1,0%,93
da heic a png,0,1,0%,93
hacer gif de video online,0,1,0%,94
elimina sfondo foto,0,1,0%,95
video gif online,0,1,0%,95
doc to pdf,0,1,0%,96
optimizar imagen online,0,1,0%,98
convertidor de imagenes online,0,1,0%,99
scontornare immagini,0,1,0%,99
converti word in pdf gratis,0,1,0%,100
image converter without watermark,0,1,0%,120